{"cameraMode":{"drawMode":0,"name":"Shaded","section":"Shading Mode"},"sceneLighting":true,"audioPlay":false,"sceneViewState":{"showFog":true,"showMaterialUpdate":false,"showSkybox":true,"showFlares":true,"showImageEffects":true,"showParticleSystems":true},"in2DMode":false,"pivot":{"x":-3.197162628173828,"y":0.9485273361206055,"z":3.9475278854370119},"rotation":{"x":-0.15043920278549195,"y":0.6417567729949951,"z":-0.1303565949201584,"w":-0.7406237125396729},"size":25.021007537841798,"orthographic":false}